Workbook

Sheet Actuals
A1: Historical Revenue Actuals
A3: Category | B3: 46046 | C3: 46077 | D3: 46105 | E3: 46136 | F3: 46166 | G3: 46197 | H3: 46227 | I3: 46258 | J3: 46289 | K3: 46319 | L3: 46350 | M3: 46380 | N3: 46047 | O3: 46078 | P3: 46106 | Q3: 46137 | R3: 46167 | S3: TOTAL
A5: Product A | B5: 123840 | C5: 127184 | D5: 131635 | E5: 135452 | F5: 140057 | G5: 143979 | H5: 148730 | I5: 152597 | J5: 157328 | K5: 161261 | L5: 166583 | M5: 171247 | N5: 177069 | O5: 182204 | P5: 188035 | Q5: 193112 | R5: 199871 | S5: =SUM(B5:R5) -> 2700184
A6: Product B | B6: 86870 | C6: 88347 | D6: 90556 | E6: 92277 | F6: 94492 | G6: 96193 | H6: 98405 | I6: 99979 | J6: 102079 | K6: 103610 | L6: 105993 | M6: 107901 | N6: 110491 | O6: 112590 | P6: 115067 | Q6: 117023 | R6: 119949 | S6: =SUM(B6:R6) -> 1741822
A7: Product C | B7: 46890 | C7: 48625 | D7: 50813 | E7: 52795 | F7: 55118 | G7: 57212 | H7: 59672 | I7: 61820 | J7: 64355 | K7: 66607 | L7: 69471 | M7: 72111 | N7: 75284 | O7: 78220 | P7: 81505 | Q7: 84521 | R7: 88324 | S7: =SUM(B7:R7) -> 1113343
A8: Product D | B8: 30060 | C8: 29970 | D8: 30120 | E8: 30090 | F8: 30210 | G8: 30150 | H8: 30240 | I8: 30119 | J8: 30149 | K8: 29998 | L8: 30088 | M8: 30028 | N8: 30148 | O8: 30118 | P8: 30178 | Q8: 30087 | R8: 30237 | S8: =SUM(B8:R8) -> 511990
A9: Other Revenue | B9: 15030 | C9: 14985 | D9: 15060 | E9: 15045 | F9: 15105 | G9: 15075 | H9: 15120 | I9: 15060 | J9: 15075 | K9: 15000 | L9: 15045 | M9: 15015 | N9: 15075 | O9: 15060 | P9: 15090 | Q9: 15045 | R9: 15120 | S9: =SUM(B9:R9) -> 256005
A10: TOTAL REVENUE | B10: =SUM(B5:B9) -> 302690 | C10: =SUM(C5:C9) -> 309111 | D10: =SUM(D5:D9) -> 318184 | E10: =SUM(E5:E9) -> 325659 | F10: =SUM(F5:F9) -> 334982 | G10: =SUM(G5:G9) -> 342609 | H10: =SUM(H5:H9) -> 352167 | I10: =SUM(I5:I9) -> 359575 | ... S10: =SUM(S5:S9) -> 6323344

Sheet Assumptions
A1: Forecast Assumptions & Drivers
A3: Yellow cells = inputs. Green = cross-sheet links. Applied Rate drives the Forecast tab.
A5: Category | B5: Avg MoM Growth (Last 6M) | C5: Manual Override | D5: Use Override? (Y/N) | E5: Applied Rate | F5: Notes
A7: Product A | B7: =AVERAGE((Actuals!N5/Actuals!M5-1),(Actuals!O5/Actuals!N5-1),(Actuals!P5/Actuals!O5-1),(Actuals!Q5/Actuals!P5-1),(Actuals!R5/Actuals!Q5-1)) -> 0.031400193 | C7: 0.03 | D7: N | E7: =IF(D7="Y",C7,B7) -> 0.031400193 | F7: Source: Internal model assumption
A8: Product B | B8: =AVERAGE((Actuals!N6/Actuals!M6-1),(Actuals!O6/Actuals!N6-1),(Actuals!P6/Actuals!O6-1),(Actuals!Q6/Actuals!P6-1),(Actuals!R6/Actuals!Q6-1)) -> 0.021400622 | C8: 0.02 | D8: N | E8: =IF(D8="Y",C8,B8) -> 0.021400622 | F8: Source: Internal model assumption
A9: Product C | B9: =AVERAGE((Actuals!N7/Actuals!M7-1),(Actuals!O7/Actuals!N7-1),(Actuals!P7/Actuals!O7-1),(Actuals!Q7/Actuals!P7-1),(Actuals!R7/Actuals!Q7-1)) -> 0.041399226 | C9: 0.04 | D9: N | E9: =IF(D9="Y",C9,B9) -> 0.041399226 | F9: Source: Internal model assumption
A10: Product D | B10: =AVERAGE((Actuals!N8/Actuals!M8-1),(Actuals!O8/Actuals!N8-1),(Actuals!P8/Actuals!O8-1),(Actuals!Q8/Actuals!P8-1),(Actuals!R8/Actuals!Q8-1)) -> 0.0013926887 | C10: 0 | D10: N | E10: =IF(D10="Y",C10,B10) -> 0.0013926887 | F10: Source: Internal model assumption
A11: Other Revenue | B11: =AVERAGE((Actuals!N9/Actuals!M9-1),(Actuals!O9/Actuals!N9-1),(Actuals!P9/Actuals!O9-1),(Actuals!Q9/Actuals!P9-1),(Actuals!R9/Actuals!Q9-1)) -> 0.0013991897 | C11: 0 | D11: N | E11: =IF(D11="Y",C11,B11) -> 0.0013991897 | F11: Source: Internal model assumption
A13: Seasonality Adjustments (1.0 = no seasonality)
A14: Month | B14: Jan | C14: Feb | D14: Mar | E14: Apr | F14: May | G14: Jun | H14: Jul | I14: Aug | J14: Sep | K14: Oct | L14: Nov | M14: Dec
A15: Seasonal Index | B15: 1 | C15: 1 | D15: 1 | E15: 1 | F15: 1 | G15: 1 | H15: 1 | I15: 1 | J15: 1 | K15: 1 | L15: 1 | M15: 1

Sheet Forecast
A1: Rolling 12-Month Revenue Forecast
A3: Category | B3: 46198 | C3: 46228 | D3: 46259 | E3: 46290 | F3: 46320 | G3: 46351 | H3: 46381 | I3: 46048 | J3: 46079 | K3: 46107 | L3: 46138 | M3: 46168 | N3: TOTAL 12M
A5: Product A | B5: =Actuals!R5*(1+Assumptions!E7)*Assumptions!G15 -> 206146.99 | C5: =B5*(1+Assumptions!E7)*Assumptions!H15 -> 212620.04 | D5: =C5*(1+Assumptions!E7)*Assumptions!I15 -> 219296.35 | E5: =D5*(1+Assumptions!E7)*Assumptions!J15 -> 226182.3 | F5: =E5*(1+Assumptions!E7)*Assumptions!K15 -> 233284.47 | G5: =F5*(1+Assumptions!E7)*Assumptions!L15 -> 240609.65 | H5: =G5*(1+Assumptions!E7)*Assumptions!M15 -> 248164.84 | I5: =H5*(1+Assumptions!E7)*Assumptions!B15 -> 255957.26 | J5: =I5*(1+Assumptions!E7)*Assumptions!C15 -> 263994.37 | K5: =J5*(1+Assumptions!E7)*Assumptions!D15 -> 272283.84 | L5: =K5*(1+Assumptions!E7)*Assumptions!E15 -> 280833.61 | M5: =L5*(1+Assumptions!E7)*Assumptions!F15 -> 289651.84 | N5: =SUM(B5:M5) -> 2949025.6
A6: Product B | B6: =Actuals!R6*(1+Assumptions!E8)*Assumptions!G15 -> 122515.98 | C6: =B6*(1+Assumptions!E8)*Assumptions!H15 -> 125137.9 | D6: =C6*(1+Assumptions!E8)*Assumptions!I15 -> 127815.93 | E6: =D6*(1+Assumptions!E8)*Assumptions!J15 -> 130551.27 | F6: =E6*(1+Assumptions!E8)*Assumptions!K15 -> 133345.15 | G6: =F6*(1+Assumptions!E8)*Assumptions!L15 -> 136198.82 | H6: =G6*(1+Assumptions!E8)*Assumptions!M15 -> 139113.56 | I6: =H6*(1+Assumptions!E8)*Assumptions!B15 -> 142090.67 | J6: =I6*(1+Assumptions!E8)*Assumptions!C15 -> 145131.5 | K6: =J6*(1+Assumptions!E8)*Assumptions!D15 -> 148237.41 | L6: =K6*(1+Assumptions!E8)*Assumptions!E15 -> 151409.78 | M6: =L6*(1+Assumptions!E8)*Assumptions!F15 -> 154650.04 | N6: =SUM(B6:M6) -> 1656198
A7: Product C | B7: =Actuals!R7*(1+Assumptions!E9)*Assumptions!G15 -> 91980.545 | C7: =B7*(1+Assumptions!E9)*Assumptions!H15 -> 95788.469 | D7: =C7*(1+Assumptions!E9)*Assumptions!I15 -> 99754.037 | E7: =D7*(1+Assumptions!E9)*Assumptions!J15 -> 103883.78 | F7: =E7*(1+Assumptions!E9)*Assumptions!K15 -> 108184.49 | G7: =F7*(1+Assumptions!E9)*Assumptions!L15 -> 112663.24 | H7: =G7*(1+Assumptions!E9)*Assumptions!M15 -> 117327.41 | I7: =H7*(1+Assumptions!E9)*Assumptions!B15 -> 122184.67 | J7: =I7*(1+Assumptions!E9)*Assumptions!C15 -> 127243.02 | K7: =J7*(1+Assumptions!E9)*Assumptions!D15 -> 132510.79 | L7: =K7*(1+Assumptions!E9)*Assumptions!E15 -> 137996.63 | M7: =L7*(1+Assumptions!E9)*Assumptions!F15 -> 143709.59 | N7: =SUM(B7:M7) -> 1393226.7
A8: Product D | B8: =Actuals!R8*(1+Assumptions!E10)*Assumptions!G15 -> 30279.111 | C8: =B8*(1+Assumptions!E10)*Assumptions!H15 -> 30321.28 | D8: =C8*(1+Assumptions!E10)*Assumptions!I15 -> 30363.508 | E8: =D8*(1+Assumptions!E10)*Assumptions!J15 -> 30405.795 | F8: =E8*(1+Assumptions!E10)*Assumptions!K15 -> 30448.141 | G8: =F8*(1+Assumptions!E10)*Assumptions!L15 -> 30490.546 | H8: =G8*(1+Assumptions!E10)*Assumptions!M15 -> 30533.01 | I8: =H8*(1+Assumptions!E10)*Assumptions!B15 -> 30575.533 | J8: =I8*(1+Assumptions!E10)*Assumptions!C15 -> 30618.115 | K8: =J8*(1+Assumptions!E10)*Assumptions!D15 -> 30660.756 | L8: =K8*(1+Assumptions!E10)*Assumptions!E15 -> 30703.457 | M8: =L8*(1+Assumptions!E10)*Assumptions!F15 -> 30746.217 | N8: =SUM(B8:M8) -> 366145.47
A9: Other Revenue | B9: =Actuals!R9*(1+Assumptions!E11)*Assumptions!G15 -> 15141.156 | C9: =B9*(1+Assumptions!E11)*Assumptions!H15 -> 15162.341 | D9: =C9*(1+Assumptions!E11)*Assumptions!I15 -> 15183.556 | E9: =D9*(1+Assumptions!E11)*Assumptions!J15 -> 15204.801 | F9: =E9*(1+Assumptions!E11)*Assumptions!K15 -> 15226.075 | G9: =F9*(1+Assumptions!E11)*Assumptions!L15 -> 15247.379 | H9: =G9*(1+Assumptions!E11)*Assumptions!M15 -> 15268.713 | I9: =H9*(1+Assumptions!E11)*Assumptions!B15 -> 15290.077 | J9: =I9*(1+Assumptions!E11)*Assumptions!C15 -> 15311.471 | K9: =J9*(1+Assumptions!E11)*Assumptions!D15 -> 15332.895 | L9: =K9*(1+Assumptions!E11)*Assumptions!E15 -> 15354.348 | M9: =L9*(1+Assumptions!E11)*Assumptions!F15 -> 15375.832 | N9: =SUM(B9:M9) -> 183098.64
A10: TOTAL REVENUE | B10: =SUM(B5:B9) -> 466063.78 | C10: =SUM(C5:C9) -> 479030.03 | D10: =SUM(D5:D9) -> 492413.39 | E10: =SUM(E5:E9) -> 506227.95 | F10: =SUM(F5:F9) -> 520488.32 | G10: =SUM(G5:G9) -> 535209.63 | H10: =SUM(H5:H9) -> 550407.53 | I10: =SUM(I5:I9) -> 566098.22 | ... N10: =SUM(N5:N9) -> 6547694.4
